id,content,createdAt,userId
7893fabd-46c5-490b-b06a-95fed3484ccb,Bonjour,2025-05-26T14:31:42.980Z,444d6d8c-240d-46d3-8d3b-54010a42ef22
69410350-6682-4dbe-9933-dea23e7c6ced,Prof,2025-05-26T14:32:05.151Z,0b23b694-be94-492b-9178-78f8a509af6c
fd010d95-a6f9-40db-963f-b4519a363096,huhlhoih,2025-05-27T10:52:06.155Z,mamad
1e047194-009e-46a4-aa66-763335155563,salem,2025-05-27T10:52:21.031Z,mamad
35658039-eed6-4798-bd05-dfe482ba9e16,hello,2025-05-27T10:52:40.441Z,mamad
8467a6c3-2b6f-4617-99c7-46e51ceb2b82,salem,2025-05-27T10:54:41.348Z,zang
566a8cd9-8cb5-4f61-8b2f-d83cc2e17473,ssss,2025-05-27T10:55:31.198Z,mamad
557739cc-f2fd-469a-a6f5-996b3d73cd33,sss,2025-05-27T10:56:29.228Z,444d6d8c-240d-46d3-8d3b-54010a42ef22
421f1f23-00eb-4787-9c6c-1d0cbfafa451,sssss,2025-05-27T10:56:32.368Z,444d6d8c-240d-46d3-8d3b-54010a42ef22
17898424-c663-4ac5-9e03-3cebd4249a2b,sdsdsdsdsds,2025-05-27T10:56:39.717Z,0b23b694-be94-492b-9178-78f8a509af6c
ba131618-6843-4ea0-91b0-a2dcf01c7f63,saleme,2025-05-27T11:03:43.041Z,444d6d8c-240d-46d3-8d3b-54010a42ef22
42d4aad9-afd4-4495-a7c3-0433b7f45b07,lol,2025-05-27T11:04:35.810Z,0b23b694-be94-492b-9178-78f8a509af6c
859df5e1-0a10-4f41-8ff7-664075a0d3a3,ok,2025-05-27T11:06:19.204Z,444d6d8c-240d-46d3-8d3b-54010a42ef22
d0168a34-1f1e-4c6f-9986-d1a4dc6db3be,dazdza,2025-05-27T11:06:31.393Z,444d6d8c-240d-46d3-8d3b-54010a42ef22
666455dc-3636-451a-8ef6-f0ac8baae5de,salem,2025-05-27T11:17:33.028Z,0b23b694-be94-492b-9178-78f8a509af6c
a53862cf-b5cf-4720-95d7-734737bf1ab8,szsz,2025-05-27T11:17:35.528Z,0b23b694-be94-492b-9178-78f8a509af6c
282e09e6-8751-41cd-9cc4-c067dd306c02,szszsz,2025-05-27T11:17:37.759Z,0b23b694-be94-492b-9178-78f8a509af6c
f641c2e3-0e6c-4234-b1b4-49dda752283f,klmkjm,2025-05-27T11:17:44.768Z,444d6d8c-240d-46d3-8d3b-54010a42ef22
6efc403a-afa4-4182-923c-5351f3195fa7,nbjkb,2025-05-27T11:18:17.798Z,444d6d8c-240d-46d3-8d3b-54010a42ef22
cb3f2fd6-4c2e-4998-95b9-92744e4487f5,cdcecez,2025-05-27T11:18:33.079Z,0b23b694-be94-492b-9178-78f8a509af6c
295d9f48-13e4-4c69-91a6-42fb94f231c0,exeexe,2025-05-27T11:18:52.494Z,0b23b694-be94-492b-9178-78f8a509af6c
cd218564-ee3c-4447-8d19-aa328925bc33,dedede,2025-05-27T11:19:03.469Z,444d6d8c-240d-46d3-8d3b-54010a42ef22
e27ebd70-19fa-4809-8dac-dd62883a7882,xsxsxs,2025-05-27T11:21:33.305Z,444d6d8c-240d-46d3-8d3b-54010a42ef22
0cd26e81-dda0-478b-bbc8-2d7be9539668,hello guys ,2025-05-27T11:46:33.006Z,444d6d8c-240d-46d3-8d3b-54010a42ef22
5c44ffe2-47cf-4d74-b62f-b4198bd0a98f,sasasa,2025-05-27T11:46:53.796Z,444d6d8c-240d-46d3-8d3b-54010a42ef22
06c49344-1e29-4baa-8b56-c985e6e2c789,salem,2025-05-27T11:51:58.748Z,444d6d8c-240d-46d3-8d3b-54010a42ef22
4e5eb756-14c1-41e8-8987-236b7db7421d,szszsz,2025-05-27T11:52:24.544Z,0b23b694-be94-492b-9178-78f8a509af6c
bd4eaceb-7f25-4739-9bef-c20bdfe7ccae,ü§£üòáüòáüòáüòá,2025-05-27T11:54:03.896Z,0b23b694-be94-492b-9178-78f8a509af6c
524aee10-d3a2-47dc-b66c-64419acc2097,‚ò∫Ô∏èüòäüòäüòä,2025-05-27T11:55:06.243Z,0b23b694-be94-492b-9178-78f8a509af6c
d72c4f93-52e1-4cc7-bfce-6777fae8a055,yooooo,2025-05-27T12:02:13.629Z,444d6d8c-240d-46d3-8d3b-54010a42ef22
b7a8a096-9108-4268-a6bc-94dfaebeacc9,üåê,2025-05-27T12:02:20.849Z,444d6d8c-240d-46d3-8d3b-54010a42ef22
